{
  "tier": 50000,
  "mode": "single",
  "started_at": "2026-05-28T02:41:22.310622068Z",
  "duration_s": 30,
  "rate_target": 50000,
  "rate_achieved": 47507.791967689736,
  "rate_achieved_min": 120.58969852293548,
  "sent": 1502828,
  "errors": 16,
  "received": 858355,
  "received_by_pattern": {
    "employee": 283191,
    "org": 292262,
    "role": 282902
  },
  "missing": 644473,
  "missing_pct": 42.88401600183121,
  "trimmed": 0,
  "received_errors": 0,
  "latency_parse_errors": 0,
  "negative_latency_deltas": 1,
  "sync_latency_ms": {
    "p50": 5971,
    "p95": 11671,
    "p99": 12695,
    "p999": 12871,
    "max": 12879,
    "count": 858355
  },
  "redis": {
    "central_xlen_max": 1474251,
    "region_xlen_final": 858355
  },
  "nats": {
    "pending_max": 680,
    "bytes": 1222176486
  },
  "connect": {
    "source_in": 8641216,
    "source_out": 8641216,
    "sink_in": 8612300,
    "sink_out": 17224600
  },
  "slo": {
    "rate_min_pct": 0.9,
    "latency_p99_ms_max": null
  },
  "verdict": {
    "pass": false,
    "detail": {
      "rate_floor_ok": true,
      "missing_ok": false,
      "p99_latency_ok": null
    }
  },
  "quiescence_timeout": true
}
